side,movie_title,share_shaver_leaf,share_colloquial,mean_zipf
human,101 Reykjavík,0.5,0.0,4.895
ai,101 Reykjavík,0.0,0.4,4.002
human,12 Angry Men,0.0,0.0,5.035
ai,12 Angry Men,0.0,0.0,4.66
human,17000 Block,1.0,0.0,4.57
ai,17000 Block,0.0,0.0,4.65
human,"20,000 Years in Sing Sing",0.0,0.0,4.489999999999999
ai,"20,000 Years in Sing Sing",0.0,0.0,4.535
human,7 to 10 Days,0.3333333333333333,0.3333333333333333,4.666666666666667
ai,7 to 10 Days,0.0,0.5,4.727500000000001
human,8 Mile,0.0,0.0,5.513333333333333
ai,8 Mile,0.0,0.3333333333333333,4.83
human,A Brief History of Time,0.0,0.0,5.82
ai,A Brief History of Time,0.0,1.0,4.45
human,A Face in the Crowd,,,
ai,A Face in the Crowd,0.0,0.0,4.3675
human,A History of Violence,0.2,0.2,4.518
ai,A History of Violence,0.0,0.5,4.695
human,A Name for Evil,0.0,1.0,4.04
ai,A Name for Evil,0.0,0.4444444444444444,4.383333333333334
human,A Noose Is Waiting for You Trinity,,,
ai,A Noose Is Waiting for You Trinity,0.0,0.0,3.5766666666666667
human,A Series of Unfortunate Events,,,
ai,A Series of Unfortunate Events,0.2,0.2,4.046
human,A Story Written with Water,0.0,0.0,5.82
ai,A Story Written with Water,0.0,0.0,4.65
human,A Touch of Larceny,0.1428571428571428,0.0,4.317142857142857
ai,A Touch of Larceny,0.25,0.25,4.657500000000001
human,ABCD,0.0,0.0,5.82
ai,ABCD,0.0,1.0,4.45
human,Agent Orange,0.0,0.0,4.12
ai,Agent Orange,0.0,1.0,5.22
human,Akkare Akkare Akkare,0.0,0.0,3.23
ai,Akkare Akkare Akkare,0.0,1.0,4.44
human,All About My Mother,1.0,0.0,4.61
ai,All About My Mother,0.0,0.6666666666666666,5.033333333333334
human,All Dogs Go to Heaven,0.25,0.0,5.045
ai,All Dogs Go to Heaven,0.0,0.25,4.48
human,All Monsters Attack,0.0,0.5,4.615
ai,All Monsters Attack,0.3333333333333333,0.0,4.866666666666667
human,All the Way,0.0,0.0,4.46
ai,All the Way,0.25,0.5,4.5075
human,Almost Famous,0.0,0.0,5.35
ai,Almost Famous,0.1666666666666666,0.1666666666666666,4.443333333333333
human,Ants in the Pantry,0.0,0.0,5.82
ai,Ants in the Pantry,,,
human,Back Alley Oproar,0.0,0.5,4.682499999999999
ai,Back Alley Oproar,0.0,0.0,4.77
human,Bangkok Dangerous,0.1428571428571428,0.1428571428571428,4.991428571428571
ai,Bangkok Dangerous,0.0,0.3333333333333333,4.4366666666666665
human,Barbara the Barbarian,,,
ai,Barbara the Barbarian,0.0,0.5,5.375
human,Battle of the Bulge,0.0,0.0,5.53
ai,Battle of the Bulge,0.0,0.0,5.53
human,Battletruck,0.0,0.0,5.006666666666667
ai,Battletruck,0.2,0.2,4.446
human,Beauty and the Beast,0.0,0.5,3.94
ai,Beauty and the Beast,0.3333333333333333,0.0,4.06
human,Belphegor: Phantom of the Louvre,0.0,0.0,4.255
ai,Belphegor: Phantom of the Louvre,0.25,0.0,4.5
human,Best of the Best,0.0,0.0,4.68
ai,Best of the Best,0.0,0.5,4.71
human,Beverly Hills Cop,,,
ai,Beverly Hills Cop,0.0,0.0,4.68
human,Beyond the Darkness,0.0,0.5,4.635
ai,Beyond the Darkness,0.125,0.25,4.53875
human,Beyond the Poseidon Adventure,1.0,0.0,3.72
ai,Beyond the Poseidon Adventure,0.0,0.0,5.82
human,Big Hearted Herbert,0.0,0.5,4.035
ai,Big Hearted Herbert,0.0,1.0,4.44
human,Black Joy,0.0,0.0,4.06
ai,Black Joy,0.0,0.0,4.324999999999999
human,Blind Beast,0.25,0.0,4.695
ai,Blind Beast,0.5,0.0,4.4675
human,Bloodmoon,0.2,0.0,4.964
ai,Bloodmoon,0.0,0.5,4.07
human,Blue Car,0.25,0.0,4.2025
ai,Blue Car,0.0,0.1666666666666666,4.401666666666667
human,Body Rock,0.0,0.0,5.41
ai,Body Rock,0.0,1.0,4.45
human,Branded to Kill,0.0,0.0,3.72
ai,Branded to Kill,0.0,0.0,4.9
human,Brat 2,0.0,0.0,4.95
ai,Brat 2,0.0,0.5,4.545
human,Brilliantovaya ruka,0.0,0.0,5.82
ai,Brilliantovaya ruka,0.0,0.3333333333333333,4.453333333333333
human,Bus Stop,0.0,0.0,4.39
ai,Bus Stop,0.0,0.25,4.6475
human,C.S.A.: The Confederate States of America,0.1428571428571428,0.2857142857142857,4.569999999999999
ai,C.S.A.: The Confederate States of America,0.0,0.3333333333333333,4.95
human,Camille des Lilas et les voleurs d'enfants,0.0,1.0,4.44
ai,Camille des Lilas et les voleurs d'enfants,0.0,0.5,4.1450000000000005
human,Can que,,,
ai,Can que,0.0,0.6666666666666666,4.510000000000001
human,Cannibal Holocaust,0.5,0.0,4.605
ai,Cannibal Holocaust,0.5,0.0,4.445
human,Casablanca,0.0,0.0,5.82
ai,Casablanca,0.1666666666666666,0.0,4.333333333333333
human,Casanova's Big Night,0.5769230769230769,0.0769230769230769,4.975384615384616
ai,Casanova's Big Night,0.3333333333333333,0.1666666666666666,4.698333333333333
human,Champions,,,
ai,Champions,,,
human,Chilly Scenes of Winter,0.2,0.2,4.986
ai,Chilly Scenes of Winter,0.2,0.2,4.166
human,Clue,,,
ai,Clue,0.0,1.0,4.44
human,Cold Light,0.0,0.0,5.385
ai,Cold Light,0.0,0.3333333333333333,4.263333333333335
human,Columbo: Double Exposure,0.0,0.0,5.1850000000000005
ai,Columbo: Double Exposure,0.0,0.0,4.265000000000001
human,Crimes of the Heart,,,
ai,Crimes of the Heart,0.6666666666666666,0.0,3.9666666666666655
human,Crimetime,0.0,0.5,4.785
ai,Crimetime,0.0,1.0,4.45
human,Crissie Sheridan,0.0,0.0,5.82
ai,Crissie Sheridan,0.0,0.6666666666666666,4.416666666666667
human,Crosswalk,,,
ai,Crosswalk,0.0,0.0,4.46
human,Crystal Voyager,,,
ai,Crystal Voyager,0.0,0.5,4.6
human,Dahshat,0.0,0.0,4.008
ai,Dahshat,0.1428571428571428,0.4285714285714285,4.424285714285714
human,Danmarks sjoveste mand,0.1538461538461538,0.1538461538461538,4.606923076923077
ai,Danmarks sjoveste mand,0.4,0.2,3.998
human,David (I),0.0,0.0,4.95
ai,David (I),0.3333333333333333,0.3333333333333333,4.37
human,Dead Cert,1.0,0.0,4.94
ai,Dead Cert,0.0,0.0,4.635
human,Deadly Dreams,0.4,0.0,4.494
ai,Deadly Dreams,0.0,0.4,4.612
human,Death Wish 3,0.0,0.0,5.24
ai,Death Wish 3,0.0,1.0,4.44
human,Desperation Highway,0.5,0.0,4.175
ai,Desperation Highway,0.0,0.0,4.615
human,Deuces,0.0,0.0,4.275
ai,Deuces,0.0,0.0,5.53
human,"Die Sister, Die!",0.1666666666666666,0.0,4.3966666666666665
ai,"Die Sister, Die!",0.1666666666666666,0.0,4.201666666666667
human,Doctor Zhivago,0.375,0.0,4.848750000000001
ai,Doctor Zhivago,0.0,0.0,4.733333333333333
human,Don't Turn the Other Cheek,0.0,0.0,5.53
ai,Don't Turn the Other Cheek,0.0,1.0,4.44
human,Donnybrook,0.0,0.0,4.779999999999999
ai,Donnybrook,,,
human,Doragon heddo,0.3333333333333333,0.0,4.703333333333333
ai,Doragon heddo,0.25,0.25,5.0425
human,Downfall,0.5,0.0,4.25
ai,Downfall,0.0,0.6666666666666666,4.510000000000001
human,Early to Bed,0.6666666666666666,0.0,3.5400000000000005
ai,Early to Bed,0.0,1.0,4.44
human,El día que me amen,0.0,0.25,4.365
ai,El día que me amen,0.0,0.3333333333333333,4.076666666666667
human,Emmanuelle,0.1818181818181818,0.1818181818181818,4.087272727272727
ai,Emmanuelle,0.3333333333333333,0.6666666666666666,4.45
human,Endless Night (I),0.2666666666666666,0.1333333333333333,4.374
ai,Endless Night (I),0.1666666666666666,0.1666666666666666,4.425
human,Eroica,1.0,0.0,5.44
ai,Eroica,0.0,0.6666666666666666,4.703333333333333
human,Es fing so harmlos an,0.0,0.2,5.082
ai,Es fing so harmlos an,0.0,0.25,4.4675
human,Evilenko,0.25,0.25,4.8225
ai,Evilenko,0.5,0.0,4.705
human,Fat Pizza,0.3333333333333333,0.3333333333333333,5.053333333333334
ai,Fat Pizza,1.0,0.0,4.46
human,Fishing with Gandhi,0.0,0.2,4.416
ai,Fishing with Gandhi,0.0,0.3333333333333333,4.58
human,Fitzcarraldo,0.0,0.0,5.07
ai,Fitzcarraldo,0.0,0.5,4.59
human,"Frank McKlusky, C.I.",0.5714285714285714,0.1428571428571428,4.444285714285714
ai,"Frank McKlusky, C.I.",0.0,0.6666666666666666,4.373333333333334
human,Freeway,0.1111111111111111,0.2222222222222222,5.018888888888889
ai,Freeway,0.0,0.0,5.04
human,From Here to Eternity,0.0,0.0,4.605
ai,From Here to Eternity,0.0,0.0,4.485
human,Fuelin' Around,0.0,0.0,5.82
ai,Fuelin' Around,0.0,0.0,4.39
human,Gabrielle,0.5,0.0,5.630000000000001
ai,Gabrielle,0.0,0.0,4.986666666666667
human,Gallipoli,0.0,0.6666666666666666,4.726666666666667
ai,Gallipoli,0.0,0.0,5.235
human,Gambit,0.0,0.0,4.056
ai,Gambit,0.0,0.5,4.43
human,Gator,0.0,0.0,5.04
ai,Gator,0.0,1.0,4.680000000000001
human,Get Rich or Die Tryin',0.0,0.0,4.330000000000001
ai,Get Rich or Die Tryin',,,
human,Ghost in the Machine,0.0,0.0,4.1625
ai,Ghost in the Machine,0.0,0.2,4.602
human,Graveless,0.0,0.0,5.0
ai,Graveless,0.2857142857142857,0.0,4.1571428571428575
human,Grimm,0.0,0.0,5.1066666666666665
ai,Grimm,0.0,0.6,4.54
human,Gyeolhoneun michinjishida,0.0,0.0,5.28
ai,Gyeolhoneun michinjishida,0.25,0.0,4.6625000000000005
human,Hail the Conquering Hero,,,
ai,Hail the Conquering Hero,0.0,0.5,4.390000000000001
human,Hamlet,0.0,0.3333333333333333,4.653333333333333
ai,Hamlet,0.0,0.0,4.815
human,Harlan County U.S.A.,,,
ai,Harlan County U.S.A.,0.0,0.0,4.95
human,Harmony Cats,0.0,0.0,4.4
ai,Harmony Cats,0.0,0.5,4.985
human,"He Said, She Said",0.0,0.0,4.91
ai,"He Said, She Said",0.0,0.5,4.380000000000001
human,Heinous Crime,0.1,0.3,4.776000000000001
ai,Heinous Crime,0.0,0.25,4.359999999999999
human,Hinokio,1.0,0.0,4.08
ai,Hinokio,0.4,0.0,4.234
human,Holy Smoke,0.0,0.0,5.04
ai,Holy Smoke,0.0,0.3333333333333333,4.516666666666667
human,Hope Floats,0.4,0.0,4.684
ai,Hope Floats,0.3,0.2,4.667
human,Horror House,0.0714285714285714,0.0,4.731428571428572
ai,Horror House,0.0,0.1666666666666666,4.266666666666667
human,Hot Summer in the City,0.0,0.0,5.135
ai,Hot Summer in the City,0.25,0.25,4.19
human,House of Whipcord,0.2,0.1,4.267
ai,House of Whipcord,0.25,0.0,4.5075
human,Idemo dalje,0.0,0.0,5.82
ai,Idemo dalje,0.0,0.3333333333333333,4.680000000000001
human,Il siero della vanità,0.0,0.0,5.125
ai,Il siero della vanità,0.0,0.0,4.503333333333333
human,In God We Trust (or Gimme That Prime Time Religion),0.0,0.0,4.42
ai,In God We Trust (or Gimme That Prime Time Religion),0.0,1.0,4.755
human,In the Mood for Love,0.5,0.5,4.44
ai,In the Mood for Love,0.0,0.3333333333333333,4.725555555555555
human,Interstella 5555: The 5tory of the 5ecret 5tar 5ystem,0.0,0.0,5.43
ai,Interstella 5555: The 5tory of the 5ecret 5tar 5ystem,0.0,1.0,4.800000000000001
human,Jekyll,0.0,0.0,4.633333333333334
ai,Jekyll,0.0,0.0,4.59
human,Jury Duty,,,
ai,Jury Duty,0.0,1.0,4.83
human,King Solomon's Treasure,,,
ai,King Solomon's Treasure,,,
human,Kisses and Caroms,0.0,0.0,5.82
ai,Kisses and Caroms,0.0,0.5,3.965
human,Kukushka,0.0,0.3333333333333333,3.67
ai,Kukushka,0.0,0.2,4.692
human,L.A. Law: Pilot,0.0,0.5,5.375
ai,L.A. Law: Pilot,,,
human,La leggenda del rubino malese,0.1666666666666666,0.0,4.466666666666667
ai,La leggenda del rubino malese,0.0,1.0,4.59
human,La moglie di mio padre,0.0,0.0,4.888333333333333
ai,La moglie di mio padre,0.25,0.0,4.6775
human,Last Stand,,,
ai,Last Stand,0.0,0.3333333333333333,4.973333333333334
human,Le Bossu,0.0,0.0,5.1850000000000005
ai,Le Bossu,0.0,0.0,4.65
human,Le Boucher,,,
ai,Le Boucher,0.0,0.5,3.945
human,Le Samouraï,1.0,0.0,3.74
ai,Le Samouraï,0.0,0.6666666666666666,4.750000000000001
human,Les Dames du Bois de Boulogne,0.1818181818181818,0.1818181818181818,4.931818181818182
ai,Les Dames du Bois de Boulogne,0.0,0.3333333333333333,4.970000000000001
human,Let's Be Friends!,0.0,0.0,4.8825
ai,Let's Be Friends!,0.0,0.3333333333333333,4.906666666666667
human,Limbo (I),0.0,0.0,4.76
ai,Limbo (I),0.0,0.6666666666666666,4.510000000000001
human,Lion of the Desert,0.0,0.0,4.09
ai,Lion of the Desert,0.0,0.0,4.4975
human,Liu jai yim taam,0.0,0.0,3.966
ai,Liu jai yim taam,0.0,0.4,4.296
human,Love Letter,0.1666666666666666,0.0,4.951666666666667
ai,Love Letter,0.1666666666666666,0.1666666666666666,4.531666666666667
human,Love Streams,1.0,0.0,3.96
ai,Love Streams,0.0,0.5,4.79
human,Luminarias,0.0,1.0,5.22
ai,Luminarias,0.0,0.0,5.125
human,Main Khiladi Tu Anari,0.25,0.0,5.300000000000001
ai,Main Khiladi Tu Anari,0.0,1.0,4.44
human,Man About Town,0.0,1.0,4.44
ai,Man About Town,0.0,0.5,4.67
human,Mardi Gras Massacre,0.0,0.2,4.44
ai,Mardi Gras Massacre,0.2,0.4,4.529999999999999
human,Mary Poppins,0.1111111111111111,0.1111111111111111,4.497777777777777
ai,Mary Poppins,0.0,0.3333333333333333,4.03
human,Melinda and Melinda,0.1428571428571428,0.0,5.508571428571429
ai,Melinda and Melinda,0.0,1.0,4.45
human,Merci pour le Chocolat,0.0,0.0,3.65
ai,Merci pour le Chocolat,0.0,0.0,4.65
human,Mo' Money,0.0,0.0,5.53
ai,Mo' Money,0.0,1.0,4.44
human,Montana Belle,0.0,1.0,4.805
ai,Montana Belle,0.0,0.0,4.375
human,Mr. Bones (I),0.0,0.0,4.46
ai,Mr. Bones (I),0.0,0.3333333333333333,4.406666666666666
human,Mulholland Falls,0.0,0.0,4.75
ai,Mulholland Falls,0.0,0.5,4.985
human,Mumbai Express,0.0,0.0,4.95
ai,Mumbai Express,0.0,0.6,4.634
human,Neutral Port,0.0,1.0,5.16
ai,Neutral Port,0.0,0.0,4.91
human,Ngo si seoi,0.0,0.0,4.670000000000001
ai,Ngo si seoi,0.0,0.0,4.8
human,Nick Name & the Normals,0.0,0.0,5.260000000000001
ai,Nick Name & the Normals,0.0,1.0,4.37
human,Night of the Zombies,0.0,0.0,3.14
ai,Night of the Zombies,0.0,0.5714285714285714,4.758571428571429
human,Nightmare Alley,0.0,0.0,4.95
ai,Nightmare Alley,0.0,0.0,4.68
human,Nine Deaths of the Ninja,0.2,0.4,4.606
ai,Nine Deaths of the Ninja,0.0,0.0,5.105
human,No Man's Land (I),0.0,0.5,4.48
ai,No Man's Land (I),0.0,0.5,4.977500000000001
human,No Room for the Groom,0.25,0.25,3.8075
ai,No Room for the Groom,0.2,0.2,4.322
human,Norang meori 2,0.5,0.0,4.345
ai,Norang meori 2,0.0,0.5,4.48
human,"North and South, Book II",0.2222222222222222,0.0,5.161111111111111
ai,"North and South, Book II",0.0,0.0,4.26
human,On the Old Spanish Trail,0.5,0.0,4.995
ai,On the Old Spanish Trail,0.0,0.5,4.985
human,One Six Right,0.1428571428571428,0.1428571428571428,5.5371428571428565
ai,One Six Right,0.2,0.2,4.69
human,"One, Two, Three",0.0,0.0,4.114
ai,"One, Two, Three",0.0,0.0,4.6
human,Ooru naito rongu: Sanji,0.5,0.0,4.44
ai,Ooru naito rongu: Sanji,0.3333333333333333,0.3333333333333333,4.826666666666667
human,Operation Delta Force 3: Clear Target,0.0,0.0,2.68
ai,Operation Delta Force 3: Clear Target,0.0,0.6666666666666666,5.0633333333333335
human,Ordinary People,0.0,0.125,4.16875
ai,Ordinary People,0.5,0.1666666666666666,4.343333333333333
human,Out Cold,0.0,0.3333333333333333,4.8933333333333335
ai,Out Cold,0.0,0.5,4.5600000000000005
human,Pajama Party,0.0,1.0,4.35
ai,Pajama Party,0.0,0.3333333333333333,4.3500000000000005
human,Pamuk Prenses ve 7 cüceler,0.0,0.0,4.47
ai,Pamuk Prenses ve 7 cüceler,0.0,1.0,4.84
human,Payne,1.0,0.0,3.56
ai,Payne,0.0,0.6666666666666666,4.6433333333333335
human,Pearl Harbor II: Pearlmageddon,0.2,0.4,4.924
ai,Pearl Harbor II: Pearlmageddon,0.0,0.5,5.375
human,Pierscien i róza,0.3333333333333333,0.3333333333333333,4.263333333333334
ai,Pierscien i róza,0.25,0.25,4.575
human,Poem 8,0.3333333333333333,0.0,4.916666666666667
ai,Poem 8,0.0,1.0,4.445
human,Porco Rosso,0.25,0.0,4.1425
ai,Porco Rosso,0.2,0.2,4.590000000000001
human,Pots and Pans,0.0,0.0,4.065
ai,Pots and Pans,0.0,0.0,4.52
human,Pourquoi pas!,0.0,0.3333333333333333,5.156666666666667
ai,Pourquoi pas!,0.4,0.4,4.369999999999999
human,Priest,0.25,0.0,4.435
ai,Priest,0.0,0.0,5.53
human,Province 77,0.0,0.0,3.84
ai,Province 77,0.2,0.0,4.096
human,Reach for the Sky,,,
ai,Reach for the Sky,0.0,0.0,4.703333333333334
human,"Ready, Willing and Able",0.0,0.0,4.49
ai,"Ready, Willing and Able",0.0,1.0,4.29
human,Red Riding Hood,0.0,0.0,4.625
ai,Red Riding Hood,0.0,0.75,4.5275
human,Resan till Melonia,0.0,0.0,4.223333333333334
ai,Resan till Melonia,0.0,0.3333333333333333,4.396666666666667
human,Richard Pryor: Live on the Sunset Strip,,,
ai,Richard Pryor: Live on the Sunset Strip,,,
human,Ring of Terror,0.2,0.2,4.522
ai,Ring of Terror,0.4285714285714285,0.1428571428571428,4.369999999999999
human,Roger & Me,0.25,0.0833333333333333,4.321666666666666
ai,Roger & Me,0.0,0.25,4.7025
human,Rush,0.0,0.0,5.82
ai,Rush,0.0,0.5,3.98
human,Safe House,0.0,0.25,4.890000000000001
ai,Safe House,0.0,0.2,4.862
human,Savage Honeymoon,,,
ai,Savage Honeymoon,0.0,0.0,4.43
human,Screenplay: The Black and Blue Lamp,0.6666666666666666,0.0,4.816666666666666
ai,Screenplay: The Black and Blue Lamp,0.0,0.0,4.545
human,Season for Assassins,0.0,0.0,4.77
ai,Season for Assassins,0.0,0.25,4.359999999999999
human,Secret Agent X-9,0.3333333333333333,0.0,4.756666666666667
ai,Secret Agent X-9,0.0,0.0,5.0
human,Shamus,0.0,0.0,5.215
ai,Shamus,0.0,1.0,4.45
human,Shankara,0.125,0.125,4.79375
ai,Shankara,,,
human,Shantytown,,,
ai,Shantytown,0.0,0.0,5.025
human,Shock Corridor,0.0,0.0,5.04
ai,Shock Corridor,0.3333333333333333,0.3333333333333333,4.766666666666667
human,Shoulder Arms,0.6666666666666666,0.0,4.453333333333333
ai,Shoulder Arms,0.1666666666666666,0.3333333333333333,4.258333333333334
human,Shu jian en chou lu,1.0,0.0,4.37
ai,Shu jian en chou lu,0.0,1.0,4.45
human,Sister Emanuelle,0.0,0.0,5.82
ai,Sister Emanuelle,0.0,0.0,4.95
human,Skies Above,0.0,0.0,4.16
ai,Skies Above,0.1666666666666666,0.5,4.495
human,So Glad I Made It,0.2,0.0,4.516
ai,So Glad I Made It,0.0,0.3333333333333333,4.6433333333333335
human,Sorority Babes in the Slimeball Bowl-O-Rama,0.0,0.25,4.6275
ai,Sorority Babes in the Slimeball Bowl-O-Rama,0.0,0.5,4.2475
human,Spider,0.3333333333333333,0.3333333333333333,3.823333333333333
ai,Spider,0.3333333333333333,0.3333333333333333,4.373333333333334
human,Stan Kann: The Happiest Man in the World,0.0,0.0,4.782000000000001
ai,Stan Kann: The Happiest Man in the World,0.2,0.2,4.426
human,Stardom,0.0,0.0,3.8
ai,Stardom,,,
human,Stepmom,0.0,0.4,5.046
ai,Stepmom,0.5,0.0,3.745
human,Stick,0.2,0.0,5.212000000000001
ai,Stick,0.0,0.5,5.375
human,Stille Nacht,0.0,0.0,5.53
ai,Stille Nacht,0.1666666666666666,0.5,4.44
human,Stone Cold,,,
ai,Stone Cold,,,
human,Sunshine,0.0,1.0,4.84
ai,Sunshine,0.0,0.0,4.65
human,Swashbuckler,,,
ai,Swashbuckler,0.0,0.3333333333333333,4.306666666666668
human,Tengoku no honya - koibi,0.1111111111111111,0.0,5.096666666666667
ai,Tengoku no honya - koibi,0.1428571428571428,0.2857142857142857,4.335714285714286
human,Tere Naam,0.0,0.0,4.535
ai,Tere Naam,0.0,0.1666666666666666,4.638333333333334
human,"Texas, Brooklyn & Heaven",0.0,0.0,5.53
ai,"Texas, Brooklyn & Heaven",0.0,0.0,4.303333333333334
human,The Arrangement,0.0,0.0,5.53
ai,The Arrangement,0.0,1.0,4.44
human,The Biggest Fan,0.25,0.0,4.735
ai,The Biggest Fan,0.0,0.5,4.985
human,The Bitter Tea of General Yen,0.25,0.0,4.2725
ai,The Bitter Tea of General Yen,0.25,0.0,4.545
human,The Blade Master,0.5,0.0,4.855
ai,The Blade Master,0.0,1.0,5.22
human,The Blue Max,0.0,0.25,4.92
ai,The Blue Max,0.0,0.0,4.68
human,The Boa Friend,0.0,0.0,5.82
ai,The Boa Friend,0.5,0.0,5.24
human,The Boys Next Door,0.0,0.3333333333333333,4.3100000000000005
ai,The Boys Next Door,0.0,0.0,4.535
human,The Cement Garden,0.0,0.0,5.11
ai,The Cement Garden,0.2,0.0,4.302
human,The Church,0.25,0.0,4.4375
ai,The Church,0.0,0.4,4.354
human,The Civil War,,,
ai,The Civil War,0.0,0.0,4.95
human,The Clan of the Cave Bear,0.0,0.0,4.825
ai,The Clan of the Cave Bear,0.0,0.0,4.65
human,The Curse of the Jade Scorpion,0.0,0.0,5.82
ai,The Curse of the Jade Scorpion,0.0,0.6666666666666666,5.0633333333333335
human,The Cyclops,0.2727272727272727,0.1818181818181818,4.732727272727273
ai,The Cyclops,0.0,0.5,4.62
human,The Daytrippers,0.5,0.0,5.045
ai,The Daytrippers,0.25,0.5,4.779999999999999
human,The Dirtwater Dynasty,0.0,0.0,4.53
ai,The Dirtwater Dynasty,0.0,1.0,4.44
human,The Duchess of Buffalo,0.0,0.0,5.82
ai,The Duchess of Buffalo,0.0,0.3333333333333333,4.133333333333333
human,The Family Way,0.0,0.5,4.62
ai,The Family Way,0.1428571428571428,0.2857142857142857,4.094285714285713
human,The Ghost of Greville Lodge,0.0,0.0,5.1175
ai,The Ghost of Greville Lodge,0.125,0.375,4.32375
human,The Great Challenge,0.0,0.0,5.263333333333335
ai,The Great Challenge,0.0,0.5,4.140000000000001
human,The Great Ziegfeld,0.3333333333333333,0.0,4.66
ai,The Great Ziegfeld,0.0,1.0,5.16
human,The Hamster Cage,0.3333333333333333,0.0,3.8366666666666656
ai,The Hamster Cage,0.0,0.5,4.7825
human,The Haunting of Morella,0.0,0.5,5.52
ai,The Haunting of Morella,0.2222222222222222,0.3333333333333333,4.206666666666667
human,The Land of College Prophets,0.0,0.0,4.4350000000000005
ai,The Land of College Prophets,0.0,0.0,4.95
human,The Legend of Hell House,0.0,0.1666666666666666,4.14
ai,The Legend of Hell House,0.1428571428571428,0.2857142857142857,4.077142857142857
human,The Legend of the Lone Ranger,0.0,0.0,5.145
ai,The Legend of the Lone Ranger,0.0,0.5,4.949999999999999
human,The Lickerish Quartet,0.0,0.0,5.083333333333333
ai,The Lickerish Quartet,0.0,1.0,4.44
human,The Life: What's Your Pleasure?,0.0,0.0,4.15
ai,The Life: What's Your Pleasure?,0.5,0.25,4.505
human,The Little Polar Bear 2: The Mysterious Island,,,
ai,The Little Polar Bear 2: The Mysterious Island,0.0,0.0,4.36
human,The Lost Angel,0.0,0.0833333333333333,4.889166666666666
ai,The Lost Angel,0.0,0.5,4.805
human,The Lost World: Jurassic Park,0.0,0.5,4.65
ai,The Lost World: Jurassic Park,0.3333333333333333,0.3333333333333333,4.516666666666667
human,The Love Trap,0.0,0.0,4.8933333333333335
ai,The Love Trap,0.0,0.2,4.622
human,The Magical World of Disney: Bride of Boogedy,0.0,0.0,4.216666666666666
ai,The Magical World of Disney: Bride of Boogedy,0.0,0.4,4.973999999999999
human,The Man Who Knew Too Much,0.0,0.0,5.82
ai,The Man Who Knew Too Much,0.0,0.0,4.68
human,The Man with Bogart's Face,,,
ai,The Man with Bogart's Face,0.0,0.5,4.57
human,The Miracle Worker,0.2,0.1,4.988
ai,The Miracle Worker,0.0,0.5,4.74
human,The Monster,0.6666666666666666,0.0,3.41
ai,The Monster,0.0,1.0,4.29
human,The Moon-Spinners,0.0,0.0,5.36
ai,The Moon-Spinners,0.0,0.5,4.5600000000000005
human,The Muppets Take Manhattan,0.0,1.0,5.22
ai,The Muppets Take Manhattan,0.0,0.6666666666666666,5.116666666666666
human,The Nutty Professor,0.1,0.0,5.344
ai,The Nutty Professor,0.1666666666666666,0.3333333333333333,4.496666666666666
human,The Off Season,0.2,0.2,4.404999999999999
ai,The Off Season,0.25,0.5,4.49
human,The Pink Panther,0.0,1.0,5.16
ai,The Pink Panther,0.0,0.5,3.99
human,The Pirate,0.0,0.1666666666666666,4.63
ai,The Pirate,0.0,0.25,4.525
human,The Prisoner of Zenda,0.2727272727272727,0.1818181818181818,4.874545454545455
ai,The Prisoner of Zenda,0.0,0.0,4.496666666666667
human,The Psychic Parrot,0.0,0.0,4.42
ai,The Psychic Parrot,0.0,0.6666666666666666,5.303333333333334
human,The Reckless Moment,0.0,0.25,5.215
ai,The Reckless Moment,0.0,0.0,4.33
human,The Rockville Slayer,0.0,0.0,5.16
ai,The Rockville Slayer,0.0,0.5,5.375
human,The Ropes,,,
ai,The Ropes,0.0,0.5,4.99
human,The Sandlot,0.0,0.0,5.57
ai,The Sandlot,0.0,0.3333333333333333,4.763333333333334
human,The Sea Change,0.0,0.0,5.35
ai,The Sea Change,0.0,0.3333333333333333,4.58
human,The Secret of My Success,1.0,0.0,5.44
ai,The Secret of My Success,0.0,0.5,4.46
human,The Spanish Prisoner,0.5,0.5,5.140000000000001
ai,The Spanish Prisoner,0.0,0.0,4.783333333333333
human,The Spoilers,0.0,0.25,5.1825
ai,The Spoilers,0.0,0.5,5.28
human,The Story of Alfred Nobel,0.0,0.0,3.79
ai,The Story of Alfred Nobel,0.0,1.0,4.45
human,The Story of Esther Costello,0.0,0.1666666666666666,4.251666666666666
ai,The Story of Esther Costello,0.0,0.0,4.75
human,The Tree in a Test Tube,0.0,0.0,4.205
ai,The Tree in a Test Tube,0.0,1.0,5.16
human,The Vigilantes Return,0.3333333333333333,0.0,5.203333333333334
ai,The Vigilantes Return,0.0,0.0,4.65
human,The Virgin of Liverpool,1.0,0.0,4.84
ai,The Virgin of Liverpool,0.0,1.0,4.59
human,The Watcher (I),0.25,0.0,4.34
ai,The Watcher (I),0.0,0.0,3.87
human,The Wayward Bus,0.0,0.0,4.453333333333333
ai,The Wayward Bus,0.0,0.0,5.53
human,The White Tower,0.0,0.0,5.82
ai,The White Tower,0.0,0.0,3.45
human,The Wicked Lady,0.6666666666666666,0.3333333333333333,4.616666666666667
ai,The Wicked Lady,0.25,0.0,4.56
human,The Zodiac,0.25,0.0,4.3175
ai,The Zodiac,0.0,0.6666666666666666,4.736666666666667
human,They Met in Bombay,0.25,0.0,4.655
ai,They Met in Bombay,0.0,0.3333333333333333,4.586666666666667
human,Three Way,0.0,0.5,4.295
ai,Three Way,0.25,0.25,4.355
human,Thriller: Death in Small Doses,0.3333333333333333,0.3333333333333333,5.136666666666667
ai,Thriller: Death in Small Doses,0.0,0.0,4.317500000000001
human,To Die For,,,
ai,To Die For,0.0,0.0,5.04
human,Tomorrow Never Dies,0.0,0.0,4.99
ai,Tomorrow Never Dies,0.0,1.0,4.44
human,Tooba,0.0,0.0,4.495
ai,Tooba,0.0,0.4,4.412000000000001
human,Touched by Love,0.0,0.0,5.055
ai,Touched by Love,0.2,0.4,4.94
human,Troll 2,0.0,0.0,4.7225
ai,Troll 2,0.0,0.5,4.91
human,Tube Tales,0.5,0.5,4.84
ai,Tube Tales,0.0,0.5,4.8975
human,Turtles Can Fly,0.25,0.0,4.4375
ai,Turtles Can Fly,0.0,0.3333333333333333,4.903333333333333
human,Tushka,,,
ai,Tushka,0.0,0.25,4.7425
human,Two for the Road,0.1666666666666666,0.0,4.941666666666667
ai,Two for the Road,0.0,0.0,4.2875
human,Two Idiots in Hollywood,0.3333333333333333,0.0,5.226666666666667
ai,Two Idiots in Hollywood,0.0,1.0,4.44
human,Under the Boardwalk,0.0,0.25,5.08
ai,Under the Boardwalk,0.0,0.3333333333333333,4.96
human,"Vendetta: No Conscience, No Mercy",0.0,0.3333333333333333,4.786666666666666
ai,"Vendetta: No Conscience, No Mercy",0.0,0.3333333333333333,4.743333333333333
human,Violent Shit III: Infantry of Doom,1.0,0.0,4.46
ai,Violent Shit III: Infantry of Doom,0.3333333333333333,0.3333333333333333,4.6466666666666665
human,Vital,0.3333333333333333,0.0,4.093333333333334
ai,Vital,0.2857142857142857,0.2857142857142857,4.658571428571428
human,Walking Back,0.0,0.0,4.359999999999999
ai,Walking Back,0.0,0.0,4.68
human,Watch Me When I Kill,0.0,0.0,5.06
ai,Watch Me When I Kill,,,
human,Welt Spiegel Kino,,,
ai,Welt Spiegel Kino,0.0,0.0,4.468000000000001
human,When Ocean Meets Sky,0.0,0.0,5.385
ai,When Ocean Meets Sky,0.25,0.25,4.055
human,Where the Lilies Bloom,0.25,0.0,5.13
ai,Where the Lilies Bloom,0.0,0.3333333333333333,4.31
human,Where the Sidewalk Ends,0.0,0.0,5.82
ai,Where the Sidewalk Ends,0.25,0.25,4.9575000000000005
human,Whole New Thing,0.0,0.0,5.12
ai,Whole New Thing,0.2,0.6,4.516
human,Wind River,0.5,0.0,4.535
ai,Wind River,0.1666666666666666,0.3333333333333333,4.128333333333334
human,Witchcraft,0.0,0.0,4.640000000000001
ai,Witchcraft,0.1428571428571428,0.2857142857142857,4.537142857142857
human,Xanadu,0.2,0.0,4.516
ai,Xanadu,0.0,0.0,4.585
human,Xue fu rong,0.0,0.0,4.61
ai,Xue fu rong,0.0,0.3333333333333333,4.93
human,Zatoichi and the Chess Expert,0.0,0.0,4.63
ai,Zatoichi and the Chess Expert,0.0,0.3333333333333333,4.333333333333333
human,Zelary,0.0,0.0,5.82
ai,Zelary,0.4,0.2,4.587999999999999
